source_sheet,source_url,bond_title,issuer,ratings,trade_date,settlement_date,maturity,security_description,rate_type,principal_amount,currency,coupon,base_rate,float_spread,index_maturity,price_to_public,yield_to_maturity,spread,benchmark_description,benchmark_price,benchmark_yield,ust_spot_price,ust_spot_yield,mid_swap_yield,coupon_payment,day_count,gross_proceeds,net_proceeds,underwriting_discount,bookrunners,comanagers,cusip,isin,min_denomination,redemption
000110465906071513_a_T1,https://www.sec.gov/Archives/edgar/data/66740/000110465906071513/a06-23378_1fwp.htm,,3M Company,Aa1 / AA,"November 3, 2006","November 8, 2006 (T+3)","November 6, 2009",SEC Registered 3yr Fixed Rate Notes,Fixed,"$400,000,000",USD,5.125,,,,99.956%,5.141,0.39,,,,100-10,4.751,,,30 / 360,"$399,824,000","$399,224,000","$600,000","Goldman, Sachs & Co. ($180mm)","Merrill Lynch, Pierce, Fenner & Smith Incorporated ($40mm)",88579EAB1,,1000 by 1000,
000110465907022938_a_T1,https://www.sec.gov/Archives/edgar/data/66740/000110465907022938/a07-8942_2fwp.htm,,3M Company,Aa1 / AA,"March 26, 2007","March 29, 2007 (T+3)","March 15, 2037",SEC Registered 30yr Fixed Rate Notes,Fixed,"$750,000,000",USD,5.7,,,,99.576%,5.73,0.92,,,,,4.81,,,30 / 360,"$746,820,000",,,"Goldman, Sachs & Co. ($262.5mm) UBS Securities LLC ($262.5mm)","J.P. Morgan Securities Inc., Morgan Stanley & Co., Merrill Lynch, Pierce, Fenner & Smith Incorporated ($225mm)",88579E AC9,,$2000 by $1000,"The Notes will be redeemable at Issuer ’s option at any time, in whole or in part, at a redemption price equal to the greater of (i) 100% of the principal amount of such Notes and (ii) the sum of the present values of remaining scheduled payments of principal and interest (exclusive of interest accrued to the date of redemption) on such Notes discounted to the redemption date on a semi-annual basis at the Treasury Rate plus 0.15% (15 basis points), plus accrued interest to the redemption date"
000110465907088371_a_T1,https://www.sec.gov/Archives/edgar/data/66740/000110465907088371/a07-31130_1fwp.htm,,3M Company,Aa1 / AA (Moody’s / S&P),"December 10, 2007","December 14, 2007 (T+4)","December 15, 2012",SEC Registered 5yr Fixed Rate Notes,Fixed,"$500,000,000",USD,4.65,,,,99.925%,4.667,1.13,,,,,3.537,,,30 / 360,"$499,625,000",,,"Goldman, Sachs & Co.",,88579EAD7,,$2000 by $1000,Not redeemable
000110465908054013_a_T1,https://www.sec.gov/Archives/edgar/data/66740/000110465908054013/a08-21962_2fwp.htm,$850mm 4.375% Notes Due 2013,,,,,,,Fixed,,USD,,,,,,,,,,,,,,,,,,,,,,,,
000110465908054013_a_T2,https://www.sec.gov/Archives/edgar/data/66740/000110465908054013/a08-21962_2fwp.htm,,3M Company,Aa1 / AA (Moody’s / S&P),"August 18, 2008","August 21, 2008 (T+3)","August 15, 2013",SEC Registered 5yr Fixed Rate Notes,Fixed,"$850,000,000",USD,4.375,,,,99.824%,4.415,1.35,"3.375% due July 31, 2013",,3.065,,,,,30 / 360,"$848,504,000",,,"Goldman, Sachs & Co., Citigroup Global Markets Inc. and Morgan Stanley & Co. Incorporated",,88579EAE5,,$2000 by $1000,Not redeemable
000110465908066193_a_T1,https://www.sec.gov/Archives/edgar/data/66740/000110465908066193/a08-27034_1fwp.htm,4.50% Senior Notes due 2011,3M Company,Aa1/AA,"October 27, 2008","T+3; October 30, 2008","November 1, 2011",,Fixed,"$800,000,000",USD,4.5,,,,99.830%,4.561,2.75,"UST 4.625% due October 31, 2011",108.6+,1.811,,,,"May 1 and November 1, commencing May 1, 2009",30/360,"$798,640,000.00",,,J.P. Morgan Securities Inc.,,88579EAF2,,"$2,000 x $1,000",Not redeemable
000110465911053295_a_T1,https://www.sec.gov/Archives/edgar/data/66740/000110465911053295/a11-27030_1fwp.htm,,3M Company,Aa2 / AA- (Moody’s / S&P)*,"September 26, 2011","September 29, 2011 (T+3)","September 29, 2016",SEC-Registered 5-year Fixed Rate Notes,Fixed,"$1,000,000,000",USD,1.375,,,,99.156%,1.551,0.65,"1.000% due August 31, 2016",,0.901,,,,"Payable semi-annually on the 29th day of March and September, beginning March 29, 2012",30/360,"$991,560,000",,,"Citigroup Global Markets Inc. Deutsche Bank Securities Inc. Goldman, Sachs & Co. Morgan Stanley & Co. LLC",J.P. Morgan Securities LLC UBS Securities LLC,88579Y AD3,US88579YAD31,"$2,000 by $1,000",Not redeemable
000110465912045005_a_T1,https://www.sec.gov/Archives/edgar/data/66740/000110465912045005/a12-15164_1fwp.htm,1.000% Notes due 2017,3M Company,Aa2 / AA- (Moody’s / S&P)*,"June 21, 2012","June 26, 2012 (T+3)","June 26, 2017",SEC-Registered 5-year Fixed Rate Notes,Fixed,"$650,000,000",USD,1.0,,,,99.539%,1.095,0.37,"0.625% due May 31, 2017",,0.725,,,,"Payable semi-annually on the 26th day of June and December, beginning December 26, 2012",30/360,"$647,003,500",,,Citigroup Global Markets Inc.,Barclays Capital Inc.,88579Y AE1,US88579YAE14,"$2,000 by $1,000",Not redeemable
000110465912045005_a_T2,https://www.sec.gov/Archives/edgar/data/66740/000110465912045005/a12-15164_1fwp.htm,2.000% Notes due 2022,3M Company,Aa2 / AA- (Moody’s / S&P)*,"June 21, 2012","June 26, 2012 (T+3)","June 26, 2022",SEC-Registered 10-year Fixed Rate Notes,Fixed,"$600,000,000",USD,2.0,,,,98.515%,2.166,0.55,"1.75% due May 15, 2022",,1.616,,,,"Payable semi-annually on the 26th day of June and December, beginning December 26, 2012",30/360,"$591,090,000",,,Citigroup Global Markets Inc.,Barclays Capital Inc.,88579Y AF8,US88579YAF88,"$2,000 by $1,000",Not redeemable
000110465914042450_a_T1,https://www.sec.gov/Archives/edgar/data/66740/000110465914042450/a14-14326_1fwp.htm,1.625% Notes due 2019,3M Company,Aa2 (Stable) / AA- (Stable) (Moody’s / S&P)*,"May 29, 2014","June 5, 2014 (T+5)","June 15, 2019",SEC-Registered 5-year Fixed Rate Notes,Fixed,"$625,000,000",USD,1.625,,,,99.434%,1.743,0.25,"1.625% due April 30, 2019",,1.493,,,,"Payable semi-annually on the 15th day of June and December, beginning December 15, 2014",30/360,"$621,462,500",,,"Goldman, Sachs & Co.",,88579Y AG6,US88579YAG61,"$2,000 by $1,000","Yes, Optional Make-Whole Redemption as provided in Annex 1 hereto"
000110465914042450_a_T2,https://www.sec.gov/Archives/edgar/data/66740/000110465914042450/a14-14326_1fwp.htm,3.875% Notes due 2044,3M Company,Aa2 (Stable) / AA- (Stable) (Moody’s / S&P)*,"May 29, 2014","June 5, 2014 (T+5)","June 15, 2044",SEC-Registered 30-year Fixed Rate Notes,Fixed,"$325,000,000",USD,3.875,,,,96.940%,4.052,0.75,"3.625% due February 15, 2044",,3.302,,,,"Payable semi-annually on the 15th day of June and December, beginning December 15, 2014",30/360,"$315,055,000",,,"Goldman, Sachs & Co.",,88579Y AH4,US88579YAH45,"$2,000 by $1,000","Yes, Optional Make-Whole Redemption as provided in Annex 2 hereto"
000110465914077121_a_T1,https://www.sec.gov/Archives/edgar/data/66740/000110465914077121/a14-23704_2fwp.htm,Floating Rate Notes due 2018,3M Company,Aa2 (Negative) / AA- (Stable) (Moody’s / S&P)*,"November 5, 2014","November 12, 2014 (T+5)","November 9, 2018",SEC-Registered 4-year Floating Rate Notes,Floating,"€500,000,000",EUR,,EURIBOR,0.23,3 months,100%,,,,,,,,,"Payable quarterly on the 9th day of February, May, August and November, beginning February 9, 2015",Actual/360,"€500,000,000",,,,,,,,
000110465914077121_a_T2,https://www.sec.gov/Archives/edgar/data/66740/000110465914077121/a14-23704_2fwp.htm,,,,,,,,Fixed,,USD,,,,,,,,,,,,,,,,,,,"Credit Suisse Securities (Europe) Limited Deutsche Bank AG, London Branch J.P. Morgan Securities plc",,88579Y AJ0,XS1136406268,"€100,000 and integral multiples of €1,000 in excess thereof",
000110465914077121_a_T3,https://www.sec.gov/Archives/edgar/data/66740/000110465914077121/a14-23704_2fwp.htm,1.500% Notes due 2026,3M Company,Aa2 (Negative) / AA- (Stable) (Moody’s / S&P)*,"November 5, 2014","November 12, 2014 (T+5)","November 9, 2026",SEC-Registered 12-year Fixed Rate Notes,Fixed,"€750,000,000",EUR,1.5,,,,98.327%,1.655,0.839,"DBR 1.000% due August 15, 2024",,0.816,,,1.235,"Payable annually on the 9th day of November, beginning November 9, 2015",Actual/Actual (ICMA),"€737,452,500",,,,,88579Y AK7,XS1136406342,"€100,000 and integral multiples of €1,000 in excess thereof","Yes, as provided in the Preliminary Pricing Supplement."
000110465914077121_a_T4,https://www.sec.gov/Archives/edgar/data/66740/000110465914077121/a14-23704_2fwp.htm,,,,,,,,Fixed,,USD,,,,,,,,,,,,,,,,,,,"Credit Suisse Securities (Europe) Limited Deutsche Bank AG, London Branch J.P. Morgan Securities plc",,,,,
000110465915037718_a_T1,https://www.sec.gov/Archives/edgar/data/66740/000110465915037718/a15-11344_3fwp.htm,Floating Rate Notes due 2020,3M Company,Aa3 (Negative) / AA- (Stable) (Moody’s / S&P),"May 13, 2015","May 20, 2015 (T+5)","May 15, 2020",SEC-Registered 5-year Floating Rate Notes,Floating,"€650,000,000",EUR,,EURIBOR,0.23,3 months,100.000%,,,,,,,,,"Payable quarterly on the 15th day of February, May, August and November, beginning August 15, 2015",Actual/360,"€650,000,000",,,,,,,,
000110465915037718_a_T2,https://www.sec.gov/Archives/edgar/data/66740/000110465915037718/a15-11344_3fwp.htm,,,,,,,,Fixed,,USD,,,,,,,,,,,,,,,,,,,"Barclays Bank PLC Citigroup Global Markets Limited Deutsche Bank AG, London Branch",,88579Y AL5/ XS1234366448/ 123436644,,"€100,000 and integral multiples of €1,000 in excess thereof",
000110465915037718_a_T3,https://www.sec.gov/Archives/edgar/data/66740/000110465915037718/a15-11344_3fwp.htm,0.950% Notes due 2023,3M Company,Aa3 (Negative) / AA- (Stable) (Moody’s / S&P),"May 13, 2015","May 20, 2015 (T+5)","May 15, 2023",SEC-Registered 8-year Fixed Rate Notes,Fixed,"€600,000,000",EUR,0.95,,,,98.573%,1.138,0.655,"DBR 1.500% due May 15, 2023",,0.483,,,0.768,"Payable annually on the 15th day of May, beginning May 15, 2016",Actual/Actual (ICMA),"€591,438,000",,,,,,,,"Yes, as provided in the Preliminary Pricing Supplement except that the redemption price will equal the greater of (i) 100% of the principal amount of the notes to be redeemed or (ii) as determined by the Quotation Agent (as defined in the Preliminary Pricing Supplement), the sum of the present values of the remaining scheduled payments of principal and interest thereon (not including any portion of such payments of interest accrued as of the date of redemption) discounted to the redemption date on an annual basis at the Reference Dealer Rate (as defined in the Preliminary Pricing Supplement) plus 10 basis points, plus in each case, accrued interest thereon to the date of redemption."
000110465915037718_a_T4,https://www.sec.gov/Archives/edgar/data/66740/000110465915037718/a15-11344_3fwp.htm,,,,,,,,Fixed,,USD,,,,,,,,,,,,,,,,,,,"Barclays Bank PLC Citigroup Global Markets Limited Deutsche Bank AG, London Branch",,88579Y AM3/ XS1234370127,123437012,"€100,000 and integral multiples of €1,000 in excess thereof",
000110465915037718_a_T5,https://www.sec.gov/Archives/edgar/data/66740/000110465915037718/a15-11344_3fwp.htm,1.750% Notes due 2030,3M Company,Aa3 (Negative) / AA- (Stable) (Moody’s / S&P),"May 13, 2015","May 20, 2015 (T+5)","May 15, 2030",SEC-Registered 15-year Fixed Rate Notes,Fixed,"€500,000,000",EUR,1.75,,,,98.098%,1.897,0.998,"DBR 4.750% due July 4, 2028",,0.899,,,1.227,"Payable annually on the 15th day of May, beginning May 15, 2016",Actual/Actual (ICMA),"€490,490,000",,,,,,,,"Yes, as provided in the Preliminary Pricing Supplement except that the redemption price will equal the greater of (i) 100% of the principal amount of the notes to be redeemed or (ii) as determined by the Quotation Agent (as defined in the Preliminary Pricing Supplement), the sum of the present values of the remaining scheduled payments of principal and interest thereon (not including any portion of such payments of interest accrued as of the date of redemption) discounted to the redemption date on an annual basis at the Reference Dealer Rate (as defined in the Preliminary Pricing Supplement) plus 15 basis points, plus in each case, accrued interest thereon to the date of redemption."
000110465915037718_a_T6,https://www.sec.gov/Archives/edgar/data/66740/000110465915037718/a15-11344_3fwp.htm,,,,,,,,Fixed,,USD,,,,,,,,,,,,,,,,,,,"Barclays Bank PLC Citigroup Global Markets Limited Deutsche Bank AG, London Branch",,88579Y AN1/ XS1234373733,123437373,"€100,000 and integral multiples of €1,000 in excess thereof",
000110465915055942_a_T1,https://www.sec.gov/Archives/edgar/data/66740/000110465915055942/a15-16983_1fwp.htm,1.375 % Notes due 20 18,3M Company,Aa3 (Negative) / AA- (Stable) (Moody’s / S&P),"August 4, 2015","August 7, 2015 (T+3)","August 7, 2018",SEC-Registered 3-year Fixed Rate Notes,Fixed,"$ 450,000,000",USD,1.375,,,,99.822 %,1.436,0.38,0.875 % due July 2018,,1.056,,,,"Payable semi-annually on the 7th day of February and August, beginning February 7, 2016",30/360,"$ 449,199,000",,,"Goldman, Sachs & Co. J.P. Morgan Securities LLC Merrill Lynch, Pierce, Fenner & Smith Incorporated","C.L. King & Associates, Inc. Drexel Hamilton, LLC Samuel A. Ramirez & Company, Inc. The Williams Capital Group, L.P.",88579YAP6,US88579YAP60,"$2,000 by $1,000","Yes, Optional Make-Whole Redemption as provided in Annex 1 hereto"
000110465915055942_a_T2,https://www.sec.gov/Archives/edgar/data/66740/000110465915055942/a15-16983_1fwp.htm,2.000 % Notes due 20 20,3M Company,Aa3 (Negative) / AA- (Stable) (Moody’s / S&P),"August 4, 2015","August 7, 2015 (T+3)","August 7, 2020",SEC-Registered 5-year Fixed Rate Notes,Fixed,"$ 500,000,000",USD,2.0,,,,99.424 %,2.122,0.52,1.625 % due July 2020,,1.602,,,,"Payable semi-annually on the 7th day of February and August, beginning February 7, 2016",30/360,"$ 497,120,000",,,"Goldman, Sachs & Co. J.P. Morgan Securities LLC Merrill Lynch, Pierce, Fenner & Smith Incorporated","C.L. King & Associates, Inc. Drexel Hamilton, LLC Samuel A. Ramirez & Company, Inc. The Williams Capital Group, L.P.",88579YAQ4,US88579YAQ44,"$2,000 by $1,000","Yes, Optional Make-Whole Redemption as provided in Annex 2 hereto"
000110465915055942_a_T3,https://www.sec.gov/Archives/edgar/data/66740/000110465915055942/a15-16983_1fwp.htm,,3M Company,Aa3 (Negative) / AA- (Stable) (Moody’s / S&P),"August 4, 2015","August 7, 2015 (T+3)","August 7, 2025",SEC-Registered 10-year Fixed Rate Notes,Fixed,"$ 550,000,000",USD,3.0,,,,99.615 %,3.045,0.82,2.125 % due May 2025,,2.225,,,,"Payable semi-annually on the 7th day of February and August, beginning February 7, 2016",30/360,"$ 547,882,500",,,"Goldman, Sachs & Co. J.P. Morgan Securities LLC Merrill Lynch, Pierce, Fenner & Smith Incorporated","C.L. King & Associates, Inc. Drexel Hamilton, LLC Samuel A. Ramirez & Company, Inc. The Williams Capital Group, L.P.",88579YAR2,US88579YAR27,"$2,000 by $1,000","Yes, Optional Make-Whole Redemption as provided in Annex 3 hereto"
000110465916122654_a_T1,https://www.sec.gov/Archives/edgar/data/66740/000110465916122654/a16-11455_5fwp.htm,0.375% Notes due 2022,3M Company,A1 (Stable) / AA- (Stable) (Moody’s / S&P),"May 23, 2016","May 31, 2016 (T+5)","February 15, 2022",SEC-Registered Fixed Rate Notes,Fixed,"€500,000,000",EUR,0.375,,,,99.567%,0.452,0.748,"DBR 2.000% due January 4, 2022",,-0.296,,,0.102,"Payable annually on the 15 th day of February, beginning February 15, 2017 (short first coupon)",Actual/Actual (ICMA),"€497,835,000",,,"Barclays Bank PLC Credit Suisse Securities (Europe) Limited Deutsche Bank AG, London Branch",,88579Y AS0,XS1421914745,"€100,000 and integral multiples of €1,000 in excess thereof","Yes, make-whole call prior to November 15, 2021 (T+12.5 bps) (three months prior to the Maturity Date) and par call on or thereafter, in each case as provided in the Preliminary Pricing Supplement."
000110465916122654_a_T2,https://www.sec.gov/Archives/edgar/data/66740/000110465916122654/a16-11455_5fwp.htm,1.500% Notes due 2031,3M Company,A1 (Stable) / AA- (Stable) (Moody’s / S&P),"May 23, 2016","May 31, 2016 (T+5)","June 2, 2031",SEC-Registered Fixed Rate Notes,Fixed,"€500,000,000",EUR,1.5,,,,99.454%,1.541,1.096,"DBR 5.500% due January 4, 2031",,0.445,,,0.941,"Payable annually on the 2 nd day of June, beginning June 2, 2017 (long first coupon)",Actual/Actual (ICMA),"€497,270,000",,,"Barclays Bank PLC Credit Suisse Securities (Europe) Limited Deutsche Bank AG, London Branch",,88579Y AT8,XS1421915049,"€100,000 and integral multiples of €1,000 in excess thereof","Yes, make-whole call prior to March 2, 2031 (T+20 bps) (three months prior to the Maturity Date) and par call on or thereafter, in each case as provided in the Preliminary Pricing Supplement."
000110465916144700_a_T1,https://www.sec.gov/Archives/edgar/data/66740/000110465916144700/a16-18556_1fwp.htm,1.625% Notes due 2021,3M Company,A1 (Stable) / AA- (Stable) (Moody’s / S&P),"September 14, 2016","September 19, 2016 (T+3)","September 19, 2021",SEC-Registered 5-year Fixed Rate Notes,Fixed,"$600,000,000",USD,1.625,,,,99.947%,1.636,0.43,"1.125% due August 31, 2021",99 – 19+,1.206,,,,"Payable semi-annually on the 19th day of March and September, beginning March 19, 2017",30/360,"$599,682,000",,,,,,,,
000110465916144700_a_T2,https://www.sec.gov/Archives/edgar/data/66740/000110465916144700/a16-18556_1fwp.htm,,,,,,,,Fixed,,USD,,,,,,,,,,,,,,,,,,,Citigroup Global Markets Inc.,"Blaylock Beal Van, LLC Guzman & Company",88579Y AU5,US88579YAU55,"$2,000 by $1,000","Yes, Optional Make-Whole Redemption and Redemption at Par Prior to Maturity as provided in Annex 1 hereto"
000110465916144700_a_T3,https://www.sec.gov/Archives/edgar/data/66740/000110465916144700/a16-18556_1fwp.htm,2.250% Notes due 2026,3M Company,A1 (Stable) / AA- (Stable) (Moody’s / S&P),"September 14, 2016","September 19, 2016 (T+3)","September 19, 2026",SEC-Registered 10-year Fixed Rate Notes,Fixed,"$650,000,000",USD,2.25,,,,98.920%,2.372,0.68,"1.500% due August 15, 2026",98 – 08,1.692,,,,"Payable semi-annually on the 19th day of March and September, beginning March 19, 2017",30/360,"$642,980,000",,,,,88579Y AV3,US88579YAV39,"$2,000 by $1,000","Yes, Optional Make-Whole Redemption and Redemption at Par Prior to Maturity as provided in Annex 2 hereto"
000110465916144700_a_T4,https://www.sec.gov/Archives/edgar/data/66740/000110465916144700/a16-18556_1fwp.htm,,,,,,,,Fixed,,USD,,,,,,,,,,,,,,,,,,,Citigroup Global Markets Inc.,"Blaylock Beal Van, LLC",,,,
000110465916144700_a_T5,https://www.sec.gov/Archives/edgar/data/66740/000110465916144700/a16-18556_1fwp.htm,3.125% Notes due 2046,3M Company,A1 (Stable) / AA- (Stable) (Moody’s / S&P),"September 14, 2016","September 19, 2016 (T+3)","September 19, 2046",SEC-Registered 30-year Fixed Rate Notes,Fixed,"$500,000,000",USD,3.125,,,,95.343%,3.373,0.93,"2.500% due May 15, 2046",101 – 06,2.443,,,,"Payable semi-annually on the 19th day of March and September, beginning March 19, 2017",30/360,"$476,715,000",,,,,88579Y AW1,US88579YAW12,"$2,000 by $1,000","Yes, Optional Make-Whole Redemption and Redemption at Par Prior to Maturity as provided in Annex 3 hereto"
000110465916144700_a_T6,https://www.sec.gov/Archives/edgar/data/66740/000110465916144700/a16-18556_1fwp.htm,,,,,,,,Fixed,,USD,,,,,,,,,,,,,,,,,,,Citigroup Global Markets Inc.,"Blaylock Beal Van, LLC",,,,
000110465917058311_a_T1,https://www.sec.gov/Archives/edgar/data/66740/000110465917058311/a17-22315_4fwp.htm,2.250% Notes due 2023,3M Company,A1 (Stable) / AA- (Stable) (Moody’s / S&P),"September 21, 2017","October 2, 2017 (T+7); See “—Supplemental Information Concerning Plan of Distribution” below.","March 15, 2023",SEC-Registered 5.5-year Fixed Rate Notes,Fixed,"$650,000,000",USD,2.25,,,,99.934%,2.263,0.37,"1.625% due August 31, 2022",98 – 23 3/4,1.893,,,,"Payable semi-annually on the 15th day of March and September, beginning March 15, 2018",30/360,"$649,571,000",,,,,88579Y AX9,US88579YAX94,,
000110465917058311_a_T2,https://www.sec.gov/Archives/edgar/data/66740/000110465917058311/a17-22315_4fwp.htm,,,,,,,,Fixed,,USD,,,,,,,,,,,,,,,,,,,J.P. Morgan Securities LLC,"Academy Securities, Inc. C.L. King & Associates, Inc. Samuel A. Ramirez & Company, Inc. The Williams Capital Group, L.P.",,,"$2,000 by $1,000","Yes, Optional Make-Whole Redemption and Redemption at Par Prior to Maturity as provided in “—Optional Make-Whole Redemption and Redemption at Par Prior to Maturity” below."
000110465917058311_a_T3,https://www.sec.gov/Archives/edgar/data/66740/000110465917058311/a17-22315_4fwp.htm,2.875% Notes due 2027,3M Company,A1 (Stable) / AA- (Stable) (Moody’s / S&P),"September 21, 2017","October 2, 2017 (T+7); See “—Supplemental Information Concerning Plan of Distribution” below.","October 15, 2027",SEC-Registered 10-year Fixed Rate Notes,Fixed,"$850,000,000",USD,2.875,,,,99.386%,2.946,0.67,"2.250% due August 15, 2027",99 – 24+,2.276,,,,"Payable semi-annually on the 15th day of April and October, beginning April 15, 2018",30/360,"$844,781,000",,,,,88579Y AY7,US88579YAY77,"$2,000 by $1,000","Yes, Optional Make-Whole Redemption and Redemption at Par Prior to Maturity as provided in “—Optional Make-Whole Redemption and Redemption at Par Prior to Maturity” below."
000110465917058311_a_T4,https://www.sec.gov/Archives/edgar/data/66740/000110465917058311/a17-22315_4fwp.htm,,,,,,,,Fixed,,USD,,,,,,,,,,,,,,,,,,,J.P. Morgan Securities LLC,"Academy Securities, Inc. C.L. King & Associates, Inc. Samuel A. Ramirez & Company, Inc. The Williams Capital Group, L.P.",,,,
000110465917058311_a_T5,https://www.sec.gov/Archives/edgar/data/66740/000110465917058311/a17-22315_4fwp.htm,3.625% Notes due 2047,3M Company,A1 (Stable) / AA- (Stable) (Moody’s / S&P),"September 21, 2017","October 2, 2017 (T+7); See “–Supplemental Information Concerning Plan of Distribution” below.","October 15, 2047",SEC-Registered 30-year Fixed Rate Notes,Fixed,"$500,000,000",USD,3.625,,,,99.058%,3.677,0.87,"3.000% due May 15, 2047",103 – 27+,2.807,,,,"Payable semi-annually on the 15th day of April and October, beginning April 15, 2018",30/360,"$495,290,000",,,,,88579Y AZ4,US88579YAZ43,"$2,000 by $1,000","Yes, Optional Make-Whole Redemption and Redemption at Par Prior to Maturity as provided in “–Optional Make-Whole Redemption and Redemption at Par Prior to Maturity” below."
000110465917058311_a_T6,https://www.sec.gov/Archives/edgar/data/66740/000110465917058311/a17-22315_4fwp.htm,,,,,,,,Fixed,,USD,,,,,,,,,,,,,,,,,,,J.P. Morgan Securities LLC,"Academy Securities, Inc. C.L. King & Associates, Inc. Samuel A. Ramirez & Company, Inc. The Williams Capital Group, L.P.",,,,
000110465918056219_a_T1,https://www.sec.gov/Archives/edgar/data/66740/000110465918056219/a18-28105_1fwp.htm,3.000% Notes due 2021,3M Company,A1 (Stable) / AA- (Stable) (Moody’s / S&P),"September 11, 2018","September 14, 2018 (T+3); See “—Supplemental Information Concerning Plan of Distribution” below.","September 14, 2021",SEC-Registered 3-year Fixed Rate Notes,Fixed,"$400,000,000",USD,3.0,,,,99.795%,3.072,0.25,"2.750% due August 15, 2021",99-25+,2.822,,,,"Payable semi-annually on the 14th day of March and September, beginning March 14, 2019",30/360,"$399,180,000",,,,,88579Y BA8,US88579YBA82,"$2,000 by $1,000",
000110465918056219_a_T2,https://www.sec.gov/Archives/edgar/data/66740/000110465918056219/a18-28105_1fwp.htm,,,,,,,,Fixed,,USD,,,,,,,,,,,,,,,,,,,Citigroup Global Markets Inc.,"Blaylock Van, LLC",,,,"Yes, Optional Make-Whole Redemption and Redemption at Par Prior to Maturity as provided in “—Optional Make-Whole Redemption and Redemption at Par Prior to Maturity” below."
000110465918056219_a_T3,https://www.sec.gov/Archives/edgar/data/66740/000110465918056219/a18-28105_1fwp.htm,Floating Rate Notes due 2024,3M Company,A1 (Stable) / AA- (Stable) (Moody’s / S&P),"September 11, 2018","September 14, 2018 (T+3); See “—Supplemental Information Concerning Plan of Distribution” below.","February 14, 2024",SEC-Registered 5-year Floating Rate Notes,Floating,"$300,000,000",USD,LIBOR plus the Spread,LIBOR; See “—Supplemental Information Concerning LIBOR” below.,,3 months,,,0.3,,,,,,,"Payable quarterly on the 14th day of February, May, August and November, beginning November 14, 2018",Actual/360,,,,,,,,,
000110465918056219_a_T4,https://www.sec.gov/Archives/edgar/data/66740/000110465918056219/a18-28105_1fwp.htm,,,,,,,,Floating,,USD,,,,,100.000%,,,,,,,,,,,"$300,000,000",,,Citigroup Global Markets Inc.,"Blaylock Van, LLC",88579Y BE0,US88579YBE05,"$2,000 by $1,000",
000110465918056219_a_T5,https://www.sec.gov/Archives/edgar/data/66740/000110465918056219/a18-28105_1fwp.htm,3.250% Notes due 2024,3M Company,A1 (Stable) / AA- (Stable) (Moody’s / S&P),"September 11, 2018","September 14, 2018 (T+3); See “—Supplemental Information Concerning Plan of Distribution” below.","February 14, 2024",SEC-Registered 5-year Fixed Rate Notes,Fixed,"$300,000,000",USD,3.25,,,,99.756%,3.3,0.43,"2.750% due August 31, 2023",99-14 1,2.87,,,,"Payable semi-annually on the 14th day of February and August, beginning February 14, 2019",30/360,"$299,268,000",,,Citigroup Global Markets Inc.,"Blaylock Van, LLC",88579Y BB6,US88579YBB65,"$2,000 by $1,000","Yes, Optional Make-Whole Redemption and Redemption at Par Prior to Maturity as provided in “—Optional Make-Whole Redemption and Redemption at Par Prior to Maturity” below."
000110465918056219_a_T6,https://www.sec.gov/Archives/edgar/data/66740/000110465918056219/a18-28105_1fwp.htm,,,,,,,,Fixed,,USD,,,,,,,,,,,,,,,,,,,,,,,,
000110465918056219_a_T7,https://www.sec.gov/Archives/edgar/data/66740/000110465918056219/a18-28105_1fwp.htm,3.625% Notes due 2028,3M Company,A1 (Stable) / AA- (Stable) (Moody’s / S&P),"September 11, 2018","September 14, 2018 (T+3); See “—Supplemental Information Concerning Plan of Distribution” below.","September 14, 2028",SEC-Registered 10-year Fixed Rate Notes,Fixed,"$600,000,000",USD,3.625,,,,100.000%,3.625,0.65,"2.875% due August 15, 2028",99-04+,2.975,,,,"Payable semi-annually on the 14th day of March and September, beginning March 14, 2019",30/360,"$600,000,000",,,Citigroup Global Markets Inc.,"Blaylock Van, LLC",88579Y BC4,US88579YBC49,"$2,000 by $1,000","Yes, Optional Make-Whole Redemption and Redemption at Par Prior to Maturity as provided in “—Optional Make-Whole Redemption and Redemption at Par Prior to Maturity” below."
000110465918056219_a_T8,https://www.sec.gov/Archives/edgar/data/66740/000110465918056219/a18-28105_1fwp.htm,,,,,,,,Fixed,,USD,,,,,,,,,,,,,,,,,,,,,,,,
000110465918056219_a_T9,https://www.sec.gov/Archives/edgar/data/66740/000110465918056219/a18-28105_1fwp.htm,4.000% Notes due 2048,3M Company,A1 (Stable) / AA- (Stable) (Moody’s / S&P),"September 11, 2018","September 14, 2018 (T+3); See “—Supplemental Information Concerning Plan of Distribution” below.","September 14, 2048",SEC-Registered 30-year Fixed Rate Notes,Fixed,"$650,000,000",USD,4.0,,,,98.811%,4.069,0.95,"3.125% due May 15, 2048",100-03+,3.119,,,,"Payable semi-annually on the 14th day of March and September, beginning March 14, 2019",30/360,"$642,271,500",,,Citigroup Global Markets Inc.,"Blaylock Van, LLC",88579Y BD2,US88579YBD22,"$2,000 by $1,000","Yes, Optional Make-Whole Redemption and Redemption at Par Prior to Maturity as provided in “—Optional Make-Whole Redemption and Redemption at Par Prior to Maturity” below."
000110465918056219_a_T10,https://www.sec.gov/Archives/edgar/data/66740/000110465918056219/a18-28105_1fwp.htm,,,,,,,,Fixed,,USD,,,,,,,,,,,,,,,,,,,,,,,,
000110465919007561_a_T1,https://www.sec.gov/Archives/edgar/data/66740/000110465919007561/a19-4610_1fwp.htm,2.750% Notes due 2022,3M Company,A1 (Stable) / AA- (Stable) (Moody’s / S&P),"February 12, 2019","February 22, 2019 (T+7); See “—Supplemental Information Concerning Plan of Distribution” below.","March 1, 2022",SEC-Registered 3-year Fixed Rate Notes,Fixed,"$450,000,000",USD,2.75,,,,99.953%,2.766,0.28,"2.500% due February 15, 2022",100-01 1,2.486,,,,"Payable semi-annually on the 1 st day of March and September, beginning September 1, 2019",30/360,"$449,788,500",,,,,88579Y BF7,US88579YBF79,"$2,000 by $1,000",
000110465919007561_a_T2,https://www.sec.gov/Archives/edgar/data/66740/000110465919007561/a19-4610_1fwp.htm,,,,,,,,Fixed,,USD,,,,,,,,,,,,,,,,,,,"Merrill Lynch, Pierce, Fenner & Smith Incorporated","The Williams Capital Group, L.P.",,,,"Yes, Optional Make-Whole Redemption and Redemption at Par Prior to Maturity as provided in “—Optional Make-Whole Redemption and Redemption at Par Prior to Maturity” below."
000110465919007561_a_T3,https://www.sec.gov/Archives/edgar/data/66740/000110465919007561/a19-4610_1fwp.htm,3.250% Notes due 2024 (Reopening),3M Company,A1 (Stable) / AA- (Stable) (Moody’s / S&P),"February 12, 2019","February 22, 2019 (T+7); See “—Supplemental Information Concerning Plan of Distribution” below.","February 14, 2024",SEC-Registered 5-year Fixed Rate Notes,Fixed,"$500,000,000",USD,3.25,,,,"101.172%, plus accrued interest from February 14, 2019",2.991,0.5,"2.500% due January 31, 2024",100-01 1,2.491,,,,"Payable semi-annually on the 14 th day of February and August, beginning August 14, 2019",30/360,"$506,221,111",,,,,88579Y BB6,US88579YBB65,"$2,000 by $1,000","Yes, Optional Make-Whole Redemption and Redemption at Par Prior to Maturity as provided in “—Optional Make-Whole Redemption and Redemption at Par Prior to Maturity” below."
000110465919007561_a_T4,https://www.sec.gov/Archives/edgar/data/66740/000110465919007561/a19-4610_1fwp.htm,,,,,,,,Fixed,,USD,,,,,,,,,,,,,,,,,,,"Merrill Lynch, Pierce, Fenner & Smith Incorporated","The Williams Capital Group, L.P.",,,,
000110465919007561_a_T5,https://www.sec.gov/Archives/edgar/data/66740/000110465919007561/a19-4610_1fwp.htm,3.375% Notes due 2029,3M Company,A1 (Stable) / AA- (Stable) (Moody’s / S&P),"February 12, 2019","February 22, 2019 (T+7); See “—Supplemental Information Concerning Plan of Distribution” below.","March 1, 2029",SEC-Registered 10-year Fixed Rate Notes,Fixed,"$800,000,000",USD,3.375,,,,99.965%,3.379,0.7,"2.625% due February 15, 2029",99-17,2.679,,,,"Payable semi-annually on the 1 st day of March and September, beginning September 1, 2019",30/360,"$799,720,000",,,"Merrill Lynch, Pierce, Fenner & Smith Incorporated",,88579Y BG5,US88579YBG52,"$2,000 by $1,000","Yes, Optional Make-Whole Redemption and Redemption at Par Prior to Maturity as provided in “—Optional Make-Whole Redemption and Redemption at Par Prior to Maturity” below."
000110465919007561_a_T6,https://www.sec.gov/Archives/edgar/data/66740/000110465919007561/a19-4610_1fwp.htm,,,,,,,,Fixed,,USD,,,,,,,,,,,,,,,,,,,,"The Williams Capital Group, L.P.",,,,
000110465919007561_a_T7,https://www.sec.gov/Archives/edgar/data/66740/000110465919007561/a19-4610_1fwp.htm,4.000% Notes due 2048 (Reopening),3M Company,A1 (Stable) / AA- (Stable) (Moody’s / S&P),"February 12, 2019","February 22, 2019 (T+7); See “—Supplemental Information Concerning Plan of Distribution” below.","September 14, 2048",SEC-Registered 30-year Fixed Rate Notes,Fixed,"$500,000,000",USD,4.0,,,,"102.096%, plus accrued interest from September 14, 2018",3.879,0.87,"3.375% due November 15, 2048",107-05,3.009,,,,"Payable semi-annually on the 14 th day of March and September, beginning March 14, 2019",30/360,"$519,257,778",,,,,88579Y BD2,US88579YBD22,"$2,000 by $1,000","Yes, Optional Make-Whole Redemption and Redemption at Par Prior to Maturity as provided in “—Optional Make-"
000110465919007561_a_T8,https://www.sec.gov/Archives/edgar/data/66740/000110465919007561/a19-4610_1fwp.htm,,,,,,,,Fixed,,USD,,,,,,,,,,,,,,,,,,,"Merrill Lynch, Pierce, Fenner & Smith Incorporated","The Williams Capital Group, L.P.",,,,
000110465919046542_a_T1,https://www.sec.gov/Archives/edgar/data/66740/000110465919046542/a19-17232_3fwp.htm,1.750% Notes due 2023,3M Company,A1 (Stable) / AA- (Negative) (Moody’s / S&P),"August 19, 2019","August 26, 2019 (T+5)","February 14, 2023",SEC-Registered 3-year Fixed Rate Notes,Fixed,"$500,000,000",USD,1.75,,,,99.619% of the principal amount,1.864,0.375,"1.500% due August 15, 2022",100-01,1.489,,,,"Payable semi-annually on the 14th day of February and August, beginning February 14, 2020",30/360,"$498,095,000",,,,,88579Y BL4,US88579YBL48,"$2,000 by $1,000",
000110465919046542_a_T2,https://www.sec.gov/Archives/edgar/data/66740/000110465919046542/a19-17232_3fwp.htm,,,,,,,,Fixed,,USD,,,,,,,,,,,,,,,,,,,"Goldman Sachs & Co. LLC BofA Securities, Inc.",,,,,
000110465919046542_a_T3,https://www.sec.gov/Archives/edgar/data/66740/000110465919046542/a19-17232_3fwp.htm,2.000% Notes due 2025,3M Company,A1 (Stable) / AA- (Negative) (Moody’s / S&P),"August 19, 2019","August 26, 2019 (T+5)","February 14, 2025",SEC-Registered 5-year Fixed Rate Notes,Fixed,"$750,000,000",USD,2.0,,,,99.399% of the principal amount,2.117,0.65,"1.750% due July 31, 2024",101-11,1.467,,,,"Payable semi-annually on the 14th day of February and August, beginning February 14, 2020",30/360,"$745,492,500",,,,,88579Y BH3,US88579YBH36,"$2,000 by $1,000",
000110465919046542_a_T4,https://www.sec.gov/Archives/edgar/data/66740/000110465919046542/a19-17232_3fwp.htm,"30-day months), at the Treasury Rate plus 10 basis points, plus accrued and unpaid interest on the notes to be redeemed to the redemption date. In addition, at any time on and after January 14, 2025, the Issuer will have the option to redeem the notes in whole, but not in part, at a redemption price equal to 100% of the principal amount of the notes to be redeemed, plus accrued and unpaid interest thereon to the redemption date.",,,,,,,Fixed,,USD,,,,,,,,,,,,,,,,,,,"Goldman Sachs & Co. LLC BofA Securities, Inc.",,,,,
000110465919046542_a_T5,https://www.sec.gov/Archives/edgar/data/66740/000110465919046542/a19-17232_3fwp.htm,2.375% Notes due 2029,3M Company,A1 (Stable) / AA- (Negative) (Moody’s / S&P),"August 19, 2019","August 26, 2019 (T+5)","August 26, 2029",SEC-Registered 10-year Fixed Rate Notes,Fixed,"$1,000,000,000",USD,2.375,,,,98.918% of the principal amount,2.498,0.9,"1.625% due August 15, 2029",100-08,1.598,,,,"Payable semi-annually on the 26th of February and August, beginning February 26, 2020",30/360,"$989,180,000",,,,,88579Y BJ9,US88579YBJ91,"$2,000 by $1,000",
000110465919046542_a_T6,https://www.sec.gov/Archives/edgar/data/66740/000110465919046542/a19-17232_3fwp.htm,"of interest accrued to the date of redemption) discounted to the redemption date on a semi-annual basis (assuming a 360-day year, consisting of twelve 30-day months), at the Treasury Rate plus 15 basis points, plus accrued and unpaid interest on the notes to be redeemed to the redemption date. In addition, at any time on and after May 26, 2029, the Issuer will have the option to redeem the notes in whole, but not in part, at a redemption price equal to 100% of the principal amount of the notes to be redeemed, plus accrued and unpaid interest thereon to the redemption date.",,,,,,,Fixed,,USD,,,,,,,,,,,,,,,,,,,"Goldman Sachs & Co. LLC BofA Securities, Inc.",,,,,
000110465919046542_a_T7,https://www.sec.gov/Archives/edgar/data/66740/000110465919046542/a19-17232_3fwp.htm,3.250% Notes due 2049,3M Company,A1 (Stable) / AA- (Negative) (Moody’s / S&P),"August 19, 2019","August 26, 2019 (T+5)","August 26, 2049",SEC-Registered 30-year Fixed Rate Notes,Fixed,"$1,000,000,000",USD,3.25,,,,97.690% of the principal amount,3.373,1.3,"2.875% due May 15, 2049",117-23+,2.073,,,,"Payable semi-annually on the 26th day of February and August, beginning February 26, 2020",30/360,"$976,900,000",,,,,88579Y BK6,US88579YBK64,"$2,000 by $1,000",
000110465919046542_a_T8,https://www.sec.gov/Archives/edgar/data/66740/000110465919046542/a19-17232_3fwp.htm,"redemption) discounted to the redemption date on a semi-annual basis (assuming a 360-day year, consisting of twelve 30-day months), at the Treasury Rate plus 20 basis points, plus accrued and unpaid interest on the notes to be redeemed to the redemption date. In addition, at any time on and after February 26, 2049, the Issuer will have the option to redeem the notes in whole, but not in part, at a redemption price equal to 100% of the principal amount of the notes to be redeemed, plus accrued and unpaid interest thereon to the redemption date.",,,,,,,Fixed,,USD,,,,,,,,,,,,,,,,,,,"Goldman Sachs & Co. LLC BofA Securities, Inc.",,,,,
000114544320000175_d_T1,https://www.sec.gov/Archives/edgar/data/66740/000114544320000175/d374244.htm,2.650% Notes due 2025,3M Company,A1 (Negative) / A+ (Negative) (Moody’s / S&P),"March 25, 2020","March 27, 2020 (T+2)","April 15, 2025",SEC-Registered 5-year Fixed Rate Notes,Fixed,"$500,000,000",USD,2.65,,,,99.919% of the principal amount,2.667,2.15,"1.125% due February 28, 2025",102-30+,0.517,,,,"Payable semi-annually on the 15th day of April and October, beginning October 15, 2020",30/360,"$499,595,000",,,,,88579Y BM2,US88579YBM21,"$2,000 by $1,000",
000114544320000175_d_T2,https://www.sec.gov/Archives/edgar/data/66740/000114544320000175/d374244.htm,,,,,,,,Fixed,,USD,,,,,,,,,,,,,,,,,,,"Citigroup Global Markets Inc. BofA Securities, Inc.",,,,,"At any time prior to March 15, 2025 (one month prior to their maturity), the Issuer will have the option to redeem the notes, in whole or from time to time in part, at a redemption price equal to the greater of (1) 100% of the principal amount of the notes to be redeemed and (2) as determined by the quotation agent, the sum of (a) the present value of the payment of principal on the notes to be redeemed and (b) the present values of the scheduled payments of interest on the notes to be redeemed that would have been payable from the date of redemption to March 15, 2025 (not including any portion of the payments of interest accrued to the date of redemption) discounted to the redemption date on a semi-annual basis (assuming a 360-day year, consisting of twelve 30-day months), at the Treasury Rate plus 35 basis points, plus accrued and unpaid interest on the notes to be redeemed to the redemption date. In addition, at any time on and after March 15, 2025, the Issuer will have the option to redeem the notes in whole, but not in part, at a redemption price equal to 100% of the principal amount of the notes to be redeemed, plus accrued and unpaid interest thereon to the redemption date."
000114544320000175_d_T3,https://www.sec.gov/Archives/edgar/data/66740/000114544320000175/d374244.htm,3.050% Notes due 2030,3M Company,A1 (Negative) / A+ (Negative) (Moody’s / S&P),"March 25, 2020","March 27, 2020 (T+2)","April 15, 2030",SEC-Registered 10-year Fixed Rate Notes,Fixed,"$600,000,000",USD,3.05,,,,99.681% of the principal amount,3.087,2.25,"1.500% due February 15, 2030",106-09,0.837,,,,"Payable semi-annually on the 15th day of April and October, beginning October 15, 2020",30/360,"$598,086,000",,,,,88579Y BN0,US88579YBN04,"$2,000 by $1,000",
000114544320000175_d_T4,https://www.sec.gov/Archives/edgar/data/66740/000114544320000175/d374244.htm,,,,,,,,Fixed,,USD,,,,,,,,,,,,,,,,,,,"Citigroup Global Markets Inc. BofA Securities, Inc.",,,,,"At any time prior to January 15, 2030 (three months prior to their maturity), the Issuer will have the option to redeem the notes, in whole or from time to time in part, at a redemption price equal to the greater of (1) 100% of the principal amount of the notes to be redeemed and (2) as determined by the quotation agent, the sum of (a) the present value of the payment of principal on the notes to be redeemed and (b) the present values of the scheduled payments of interest on the notes to be redeemed that would have been payable from the date of redemption to January 15, 2030 (not including any portion of the payments of interest accrued to the date of redemption) discounted to the redemption date on a semi-annual basis (assuming a 360-day year, consisting of twelve 30-day months), at the Treasury Rate plus 35 basis points, plus accrued and unpaid interest on the notes to be redeemed to the redemption date. In addition, at any time on and after January 15, 2030, the Issuer will have the option to redeem the notes in whole, but not in part, at a redemption price equal to 100% of the principal amount of the notes to be redeemed, plus accrued and unpaid interest thereon to the redemption date."
000114544320000175_d_T5,https://www.sec.gov/Archives/edgar/data/66740/000114544320000175/d374244.htm,3.700% Notes due 2050,3M Company,A1 (Negative) / A+ (Negative) (Moody’s / S&P),"March 25, 2020","March 27, 2020 (T+2)","April 15, 2050",SEC-Registered 30-year Fixed Rate Notes,Fixed,"$650,000,000",USD,3.7,,,,99.656% of the principal amount,3.719,2.3,"2.375% due November 15, 2049",123-02,1.419,,,,"Payable semi-annually on the 15 day of April and October, beginning October 15, 2020",30/360,"$647,764,000",,,,,88579Y BP5,US88579YBP51,"$2,000 by $1,000",
000114544320000175_d_T6,https://www.sec.gov/Archives/edgar/data/66740/000114544320000175/d374244.htm,,,,,,,,Fixed,,USD,,,,,,,,,,,,,,,,,,,"Citigroup Global Markets Inc. BofA Securities, Inc.",,,,,"At any time prior to October 15, 2049 (six months prior to their maturity), the Issuer will have the option to redeem the notes, in whole or from time to time in part, at a redemption price equal to the greater of (1) 100% of the principal amount of the notes to be redeemed and (2) as determined by the quotation agent, the sum of (a) the present value of the payment of principal on the notes to be redeemed and (b) the present values of the scheduled payments of interest on the notes to be redeemed that would have been payable from the date of redemption to October 15, 2049 (not including any portion of the payments of interest accrued to the date of redemption) discounted to the redemption date on a semi-annual basis (assuming a 360-day year, consisting of twelve 30-day months), at the Treasury Rate plus 35 basis points, plus accrued and unpaid interest on the notes to be redeemed to the redemption date. In addition, at any time on and after October 15, 2049, the Issuer will have the option to redeem the notes in whole, but not in part, at a redemption price equal to 100% of the principal amount of the notes to be redeemed, plus accrued and unpaid interest thereon to the redemption date."
000110465925020370_t_T1,https://www.sec.gov/Archives/edgar/data/66740/000110465925020370/tm255161d3_fwp.htm,4.800 % Notes due 2030,3M Company,A3 (Stable) / BBB+ (Stable) / A- (Stable) (Moody’s/S&P/Fitch),"March 4, 2025","March 13, 2025 (T+7)","March 15, 2030",SEC-Registered Fixed Rate Notes,Fixed,"$550,000,000",USD,4.8,,,,99.986% of the principal amount,4.803,0.8,"4.000% due February 28, 2030",99-31+,4.003,,,,"Payable semi-annually on the 15th day of March and September, beginning September 15, 2025",30/360,"$549,923,000",,,,,88579Y BQ3,US88579YBQ35,"$2,000 by $1,000",
000110465925020370_t_T2,https://www.sec.gov/Archives/edgar/data/66740/000110465925020370/tm255161d3_fwp.htm,,,,,,,,Fixed,,USD,,,,,,,,,,,,,,,,,,,"BofA Securities, Inc. Citigroup Global Markets Inc. Deutsche Bank Securities Inc. J.P. Morgan Securities LLC Barclays Capital Inc. BNP Paribas Securities Corp. Goldman Sachs & Co. LLC Morgan Stanley & Co. LLC Wells Fargo Securities, LLC","Academy Securities, Inc. Blaylock Van, LLC BNY Mellon Capital Markets, LLC HSBC Securities (USA) Inc. Loop Capital Markets LLC PNC Capital Markets LLC RBC Capital Markets, LLC R. Seelaus & Co., LLC Samuel A. Ramirez & Company, Inc. Santander US Capital Markets LLC U.S. Bancorp Investments, Inc.",,,,"Prior to February 15, 2030 (one month prior to their maturity) (the “Par Call Date”), the Issuer may redeem the notes at its option, in whole or in part, at any time and from time to time, at a redemption price (expressed as a percentage of principal amount and rounded to three decimal places) equal to the greater of (1) (a) the sum of the present values of the remaining scheduled payments of principal and interest thereon discounted to the redemption date (assuming the notes matured on the Par Call Date) on a semi-annual basis (assuming a 360-day year consisting of twelve 30-day months) at the Treasury Rate plus 15 basis points, less (b) interest accrued to the date of redemption, and (2) 100% of the principal amount of the notes of such series to be redeemed, plus, in either case, accrued and unpaid interest thereon to the redemption date. In addition, at any time on or after the Par Call Date, the Issuer may redeem the notes in whole or in part, at its option, at a redemption price equal to 100% of the principal amount of the notes to be redeemed, plus accrued and unpaid interest thereon to the redemption date."
000110465925020370_t_T3,https://www.sec.gov/Archives/edgar/data/66740/000110465925020370/tm255161d3_fwp.htm,5.150 % Notes due 2035,3M Company,A3 (Stable) / BBB+ (Stable) / A- (Stable) (Moody’s/S&P/Fitch),"March 4, 2025","March 13, 2025 (T+7)","March 15, 2035",SEC-Registered Fixed Rate Notes,Fixed,"$550,000,000",USD,5.15,,,,99.891% of the principal amount,5.164,0.95,"4.625% due February 15, 2035",103-10,4.214,,,,"Payable semi-annually on the 15th day of March and September, beginning September 15, 2025",30/360,"$549,400,500",,,,,88579Y BR1,US88579YBR18,"$2,000 by $1,000","Prior to December 15, 2034 (three months prior to their maturity) (the “Par Call Date”), the Issuer may redeem the notes at its option, in whole or in part, at any time and from time to time, at a redemption price (expressed as a percentage of principal amount and rounded to three decimal places) equal to the greater of (1) (a) the sum of the present values of the remaining scheduled payments of principal and interest thereon discounted to the redemption date (assuming the notes matured on the Par Call Date) on a semi-annual basis (assuming a 360-day year consisting of twelve 30-day months) at the Treasury Rate plus 15 basis points, less (b) interest accrued to the date of redemption, and (2) 100% of the principal amount of the notes of such series to be redeemed, plus, in either case, accrued and unpaid interest thereon to the redemption date. In addition, at any time on or after the Par Call Date, the Issuer may redeem the notes in whole or in part, at its option, at a redemption price equal to 100% of the principal amount of the notes to be redeemed, plus accrued and unpaid interest thereon to the redemption date."
000110465925020370_t_T4,https://www.sec.gov/Archives/edgar/data/66740/000110465925020370/tm255161d3_fwp.htm,,,,,,,,Fixed,,USD,,,,,,,,,,,,,,,,,,,"BofA Securities, Inc. Citigroup Global Markets Inc. Deutsche Bank Securities Inc. J.P. Morgan Securities LLC Barclays Capital Inc. BNP Paribas Securities Corp. Goldman Sachs & Co. LLC Morgan Stanley & Co. LLC Wells Fargo Securities, LLC","Academy Securities, Inc. BNY Mellon Capital Markets, LLC HSBC Securities (USA) Inc. Loop Capital Markets LLC PNC Capital Markets LLC RBC Capital Markets, LLC R. Seelaus & Co., LLC Santander US Capital Markets LLC U.S. Bancorp Investments, Inc. Blaylock Van, LLC Samuel A. Ramirez & Company, Inc.",,,,
